{
  "GET Home" : {
    "transaction" : "GET Home",
    "sampleCount" : 20600,
    "errorCount" : 152,
    "errorPct" : 0.7378641,
    "meanResTime" : 1480.7416019417453,
    "medianResTime" : 613.0,
    "minResTime" : 87.0,
    "maxResTime" : 10455.0,
    "pct1ResTime" : 4689.9000000000015,
    "pct2ResTime" : 7007.950000000001,
    "pct3ResTime" : 9253.0,
    "throughput" : 57.2018837746579,
    "receivedKBytesPerSec" : 264.49318128727845,
    "sentKBytesPerSec" : 6.621991759700718
  },
  "POST Choose Flight" : {
    "transaction" : "POST Choose Flight",
    "sampleCount" : 20365,
    "errorCount" : 158,
    "errorPct" : 0.7758409,
    "meanResTime" : 1473.9916032408528,
    "medianResTime" : 613.0,
    "minResTime" : 26.0,
    "maxResTime" : 10492.0,
    "pct1ResTime" : 4624.0,
    "pct2ResTime" : 6975.750000000004,
    "pct3ResTime" : 9133.980000000003,
    "throughput" : 56.741244323089354,
    "receivedKBytesPerSec" : 370.21294455347436,
    "sentKBytesPerSec" : 15.062680015533141
  },
  "Total" : {
    "transaction" : "Total",
    "sampleCount" : 81691,
    "errorCount" : 661,
    "errorPct" : 0.80914664,
    "meanResTime" : 1488.8086080473904,
    "medianResTime" : 514.0,
    "minResTime" : 26.0,
    "maxResTime" : 10693.0,
    "pct1ResTime" : 5469.800000000003,
    "pct2ResTime" : 7109.0,
    "pct3ResTime" : 8104.920000000013,
    "throughput" : 226.83186214211733,
    "receivedKBytesPerSec" : 1356.6791658915029,
    "sentKBytesPerSec" : 56.9209800764427
  },
  "POST Find Flights" : {
    "transaction" : "POST Find Flights",
    "sampleCount" : 20492,
    "errorCount" : 159,
    "errorPct" : 0.7759125,
    "meanResTime" : 1481.3697052508276,
    "medianResTime" : 623.0,
    "minResTime" : 26.0,
    "maxResTime" : 10610.0,
    "pct1ResTime" : 4706.0,
    "pct2ResTime" : 6994.9000000000015,
    "pct3ResTime" : 9199.980000000003,
    "throughput" : 57.018520167393824,
    "receivedKBytesPerSec" : 409.0166218441493,
    "sentKBytesPerSec" : 14.084600041528471
  },
  "POST Purchase Ticket" : {
    "transaction" : "POST Purchase Ticket",
    "sampleCount" : 20234,
    "errorCount" : 192,
    "errorPct" : 0.9488979,
    "meanResTime" : 1519.4682218048845,
    "medianResTime" : 623.0,
    "minResTime" : 60.0,
    "maxResTime" : 10693.0,
    "pct1ResTime" : 4773.0,
    "pct2ResTime" : 7101.9000000000015,
    "pct3ResTime" : 9226.990000000002,
    "throughput" : 56.414760291637045,
    "receivedKBytesPerSec" : 316.3711208143393,
    "sentKBytesPerSec" : 21.319786242907725
  }
}