{
  "GET Home" : {
    "transaction" : "GET Home",
    "sampleCount" : 14523,
    "errorCount" : 33,
    "errorPct" : 0.22722578,
    "meanResTime" : 1424.6158507195503,
    "medianResTime" : 656.0,
    "minResTime" : 146.0,
    "maxResTime" : 10694.0,
    "pct1ResTime" : 3721.6000000000004,
    "pct2ResTime" : 7003.5999999999985,
    "pct3ResTime" : 9035.04,
    "throughput" : 58.638510921791095,
    "receivedKBytesPerSec" : 271.81450651320307,
    "sentKBytesPerSec" : 6.814436327825333
  },
  "POST Choose Flight" : {
    "transaction" : "POST Choose Flight",
    "sampleCount" : 14268,
    "errorCount" : 48,
    "errorPct" : 0.33641717,
    "meanResTime" : 1465.4939024390212,
    "medianResTime" : 655.0,
    "minResTime" : 146.0,
    "maxResTime" : 10676.0,
    "pct1ResTime" : 4210.000000000004,
    "pct2ResTime" : 7213.849999999995,
    "pct3ResTime" : 9120.239999999998,
    "throughput" : 57.79770802192327,
    "receivedKBytesPerSec" : 378.00575589603056,
    "sentKBytesPerSec" : 15.408959267563528
  },
  "Total" : {
    "transaction" : "Total",
    "sampleCount" : 57346,
    "errorCount" : 159,
    "errorPct" : 0.27726433,
    "meanResTime" : 1440.4011264953072,
    "medianResTime" : 494.0,
    "minResTime" : 146.0,
    "maxResTime" : 10694.0,
    "pct1ResTime" : 4219.0,
    "pct2ResTime" : 7975.9000000000015,
    "pct3ResTime" : 10119.980000000003,
    "throughput" : 231.13973744563705,
    "receivedKBytesPerSec" : 1386.4055703057927,
    "sentKBytesPerSec" : 58.203406041037724
  },
  "POST Find Flights" : {
    "transaction" : "POST Find Flights",
    "sampleCount" : 14403,
    "errorCount" : 34,
    "errorPct" : 0.23606193,
    "meanResTime" : 1441.8594042907703,
    "medianResTime" : 651.0,
    "minResTime" : 146.0,
    "maxResTime" : 10596.0,
    "pct1ResTime" : 3866.6000000000004,
    "pct2ResTime" : 7090.199999999993,
    "pct3ResTime" : 9200.839999999997,
    "throughput" : 58.232525794870135,
    "receivedKBytesPerSec" : 419.2322016217311,
    "sentKBytesPerSec" : 14.444396046774427
  },
  "POST Purchase Ticket" : {
    "transaction" : "POST Purchase Ticket",
    "sampleCount" : 14152,
    "errorCount" : 44,
    "errorPct" : 0.3109101,
    "meanResTime" : 1429.8176229508178,
    "medianResTime" : 642.0,
    "minResTime" : 146.0,
    "maxResTime" : 10549.0,
    "pct1ResTime" : 3753.100000000002,
    "pct2ResTime" : 7128.3499999999985,
    "pct3ResTime" : 9189.699999999993,
    "throughput" : 57.52027150608653,
    "receivedKBytesPerSec" : 323.7027855538846,
    "sentKBytesPerSec" : 21.850962515495763
  }
}